"2024-03-17","2025-03-17","US","Albuquerque Int Airport","Compact (Nissan Versa)","Incl. 26,071 miles","$ 43.95","$ 16,040.67",
"2024-03-17","2025-03-17","US","Albuquerque Int Airport","Midsize (Nissan Sentra)","Incl. 26,071 miles","$ 44.24","$ 16,146.06",
"2024-03-17","2025-03-17","US","Albuquerque Int Airport","Standard (Toyota Corolla)","Incl. 26,071 miles","$ 44.51","$ 16,247.83",
"2024-03-17","2025-03-17","US","Albuquerque Int Airport","Full-size (Toyota Camry)","Incl. 26,071 miles","$ 44.78","$ 16,343.60",
"2024-03-17","2025-03-17","US","Albuquerque Int Airport","Midsize (Toyota RAV4)","Incl. 26,071 miles","$ 46.63","$ 17,019.42",
"2024-03-17","2025-03-17","US","Albuquerque Int Airport","Premium (BMW 2 Series)","Incl. 26,071 miles","$ 47.22","$ 17,235.07",
"2024-03-17","2025-03-17","US","Albuquerque Int Airport","Luxury (BMW 3 Series)","Incl. 26,071 miles","$ 49.65","$ 18,121.66",
"2024-03-17","2025-03-17","US","Albuquerque Int Airport","Standard (Chevrolet Blazer)","Incl. 26,071 miles","$ 54.31","$ 19,824.38",
"2024-03-17","2025-03-17","US","Albuquerque Int Airport","Premium (BMW X1)","Incl. 26,071 miles","$ 55.33","$ 20,195.64",
"2024-03-17","2025-03-17","US","Albuquerque Int Airport","Standard Elite (GMC Acadia)","Incl. 26,071 miles","$ 56.93","$ 20,779.47",
"2024-03-17","2025-03-17","US","Albuquerque Int Airport","Luxury (BMW X3)","Incl. 26,071 miles","$ 57.23","$ 20,890.24",
"2024-03-17","2025-03-17","US","Albuquerque Int Airport","Minivan (Chrysler Pacifica)","Incl. 26,071 miles","$ 65.78","$ 24,010.84",
"2024-03-17","2025-03-17","US","Albuquerque Int Airport","Extraordinary (BMW X5)","Incl. 26,071 miles","$ 384.44","$ 140,320.56",
"2024-03-17","2025-03-17","US","Phoenix Int Airport","Compact (Nissan Versa)","Incl. 26,071 miles","$ 55.78","$ 20,360.75","$ 9.67/ day"
"2024-03-17","2025-03-17","US","Phoenix Int Airport","Midsize (Nissan Sentra)","Incl. 26,071 miles","$ 56.15","$ 20,493.77","$ 9.67/ day"
"2024-03-17","2025-03-17","US","Phoenix Int Airport","Standard (Toyota Corolla)","Incl. 26,071 miles","$ 56.50","$ 20,622.06","$ 9.67/ day"
"2024-03-17","2025-03-17","US","Phoenix Int Airport","Full-size (Toyota Camry)","Incl. 26,071 miles","$ 56.83","$ 20,743.05","$ 9.67/ day"
"2024-03-17","2025-03-17","US","Phoenix Int Airport","Standard (Chevrolet Camaro Coupe)","Incl. 26,071 miles","$ 56.87","$ 20,756.60","$ 9.67/ day"
"2024-03-17","2025-03-17","US","Phoenix Int Airport","Midsize (Toyota RAV4)","Incl. 26,071 miles","$ 59.16","$ 21,595.21","$ 9.67/ day"
"2024-03-17","2025-03-17","US","Phoenix Int Airport","Premium (BMW 2 Series)","Incl. 26,071 miles","$ 61.50","$ 22,446.51","$ 9.67/ day"
"2024-03-17","2025-03-17","US","Phoenix Int Airport","Compact (MINI Cooper Convertible)","Incl. 26,071 miles","$ 62.87","$ 22,946.64","$ 9.67/ day"
"2024-03-17","2025-03-17","US","Phoenix Int Airport","Luxury (BMW 3 Series)","Incl. 26,071 miles","$ 62.97","$ 22,985.22","$ 9.67/ day"
"2024-03-17","2025-03-17","US","Phoenix Int Airport","Standard (Chevrolet Blazer)","Incl. 26,071 miles","$ 68.86","$ 25,132.62","$ 9.67/ day"
"2024-03-17","2025-03-17","US","Phoenix Int Airport","Premium (BMW X1)","Incl. 26,071 miles","$ 69.33","$ 25,307.10","$ 9.67/ day"
"2024-03-17","2025-03-17","US","Phoenix Int Airport","Standard Elite (GMC Acadia)","Incl. 26,071 miles","$ 72.16","$ 26,337.30","$ 9.67/ day"
"2024-03-17","2025-03-17","US","Phoenix Int Airport","Extraordinary (BMW 5 Series)","Incl. 26,071 miles","$ 72.48","$ 26,454.08","$ 9.67/ day"
"2024-03-17","2025-03-17","US","Phoenix Int Airport","Luxury (BMW X3)","Incl. 26,071 miles","$ 72.54","$ 26,476.93","$ 9.67/ day"
"2024-03-17","2025-03-17","US","Phoenix Int Airport","Standard (Ford Mustang Convertible)","Incl. 26,071 miles","$ 72.72","$ 26,541.75","$ 9.67/ day"
"2024-03-17","2025-03-17","US","Phoenix Int Airport","Extraordinary (BMW X5)","Incl. 26,071 miles","$ 78.33","$ 28,590.11","$ 9.67/ day"
"2024-03-17","2025-03-17","US","Phoenix Int Airport","Minivan (Chrysler Pacifica)","Incl. 26,071 miles","$ 83.32","$ 30,412.55","$ 9.67/ day"
"2024-03-17","2025-03-17","US","Phoenix Int Airport","Full-size (Chevrolet Tahoe)","Incl. 26,071 miles","$ 88.12","$ 32,162.22","$ 9.67/ day"
"2024-03-17","2025-03-17","US","Phoenix Int Airport","Full-size Elite (Chevrolet Suburban)","Incl. 26,071 miles","$ 90.94","$ 33,192.76","$ 9.67/ day"
"2024-03-17","2025-03-17","US","Phoenix Int Airport","Extraordinary (BMW X7)","Incl. 26,071 miles","$ 92.16","$ 33,640.06","$ 9.67/ day"
"2024-03-17","2025-03-17","US","Phoenix Int Airport","Luxury (BMW 4 Series Convertible)","Incl. 26,071 miles","$ 106.96","$ 39,041.86","$ 9.67/ day"
"2024-03-17","2025-03-17","US","Aspen Airport","Compact (Chevrolet Trailblazer)","Incl. 26,071 miles","$ 49.50","$ 18,067.58","$ 8.36/ day"
"2024-03-17","2025-03-17","US","Aspen Airport","Full-size (Toyota Camry)","Incl. 26,071 miles","$ 50.73","$ 18,516.31","$ 8.36/ day"
"2024-03-17","2025-03-17","US","Aspen Airport","Midsize (Toyota RAV4)","Incl. 26,071 miles","$ 52.70","$ 19,236.83","$ 8.36/ day"
"2024-03-17","2025-03-17","US","Aspen Airport","Standard (Chevrolet Blazer)","Incl. 26,071 miles","$ 60.90","$ 22,227.09","$ 8.36/ day"
"2024-03-17","2025-03-17","US","Aspen Airport","Premium (BMW X1)","Incl. 26,071 miles","$ 61.30","$ 22,374.56","$ 8.36/ day"
"2024-03-17","2025-03-17","US","Aspen Airport","Luxury (BMW X3)","Incl. 26,071 miles","$ 64.01","$ 23,363.23","$ 8.36/ day"
"2024-03-17","2025-03-17","US","Aspen Airport","Extraordinary (BMW X5)","Incl. 26,071 miles","$ 68.90","$ 25,149.51","$ 8.36/ day"
"2024-03-17","2025-03-17","US","Aspen Airport","Extraordinary (Bentley Bentayga)","Incl. 13,140 miles","$ 187.65","$ 68,490.57","$ 8.36/ day"
"2024-03-17","2025-03-17","US","Baltimore Int Airport","Compact (Nissan Versa)","Incl. 26,071 miles","$ 44.11","$ 16,099.87","$ 13.75/ day"
"2024-03-17","2025-03-17","US","Baltimore Int Airport","Midsize (Nissan Sentra)","Incl. 26,071 miles","$ 46.77","$ 17,069.98","$ 13.75/ day"
"2024-03-17","2025-03-17","US","Baltimore Int Airport","Standard (Toyota Corolla)","Incl. 26,071 miles","$ 47.03","$ 17,165.90","$ 13.75/ day"
"2024-03-17","2025-03-17","US","Baltimore Int Airport","Compact (Chevrolet Trailblazer)","Incl. 26,071 miles","$ 47.28","$ 17,255.54","$ 13.75/ day"
"2024-03-17","2025-03-17","US","Baltimore Int Airport","Full-size (Toyota Camry)","Incl. 26,071 miles","$ 47.28","$ 17,256.34","$ 13.75/ day"
"2024-03-17","2025-03-17","US","Baltimore Int Airport","Midsize (Toyota RAV4)","Incl. 26,071 miles","$ 49.02","$ 17,893.61","$ 13.75/ day"
"2024-03-17","2025-03-17","US","Baltimore Int Airport","Premium (BMW 2 Series)","Incl. 26,071 miles","$ 50.77","$ 18,529.90","$ 13.75/ day"
"2024-03-17","2025-03-17","US","Baltimore Int Airport","Luxury (BMW 3 Series)","Incl. 26,071 miles","$ 51.87","$ 18,932.66","$ 13.75/ day"
"2024-03-17","2025-03-17","US","Baltimore Int Airport","Standard (Chevrolet Blazer)","Incl. 26,071 miles","$ 56.27","$ 20,538.28","$ 13.75/ day"
"2024-03-17","2025-03-17","US","Baltimore Int Airport","Premium (BMW X1)","Incl. 26,071 miles","$ 56.63","$ 20,668.76","$ 13.75/ day"
"2024-03-17","2025-03-17","US","Baltimore Int Airport","Standard Elite (GMC Acadia)","Incl. 26,071 miles","$ 58.74","$ 21,438.94","$ 13.75/ day"
"2024-03-17","2025-03-17","US","Baltimore Int Airport","Luxury (BMW X3)","Incl. 26,071 miles","$ 59.02","$ 21,543.26","$ 13.75/ day"
"2024-03-17","2025-03-17","US","Baltimore Int Airport","Minivan (Chrysler Pacifica)","Incl. 26,071 miles","$ 67.08","$ 24,485.73","$ 13.75/ day"
"2024-03-17","2025-03-17","US","Baltimore Int Airport","Full-size (Chevrolet Tahoe)","Incl. 26,071 miles","$ 70.67","$ 25,793.85","$ 13.75/ day"
"2024-03-17","2025-03-17","US","Baltimore Int Airport","Full-size Elite (Chevrolet Suburban)","Incl. 26,071 miles","$ 72.78","$ 26,564.34","$ 13.75/ day"
"2024-03-17","2025-03-17","US","Los Angeles Int Airport","Compact (Nissan Versa)","Incl. 26,071 miles","$ 41.89","$ 15,289.76","$ 9.16/ day"
"2024-03-17","2025-03-17","US","Los Angeles Int Airport","Midsize (Nissan Sentra)","Incl. 26,071 miles","$ 42.42","$ 15,483.98","$ 9.16/ day"
"2024-03-17","2025-03-17","US","Los Angeles Int Airport","Standard (Toyota Corolla)","Incl. 26,071 miles","$ 42.46","$ 15,496.98","$ 9.16/ day"
"2024-03-17","2025-03-17","US","Los Angeles Int Airport","Full-size (Toyota Camry)","Incl. 26,071 miles","$ 42.96","$ 15,681.57","$ 9.16/ day"
"2024-03-17","2025-03-17","US","Los Angeles Int Airport","Compact (MINI Cooper Convertible)","Incl. 26,071 miles","$ 43.63","$ 15,926.30","$ 9.16/ day"
"2024-03-17","2025-03-17","US","Los Angeles Int Airport","Standard (Toyota Tacoma)","Incl. 26,071 miles","$ 44.29","$ 16,164.30","$ 9.16/ day"
"2024-03-17","2025-03-17","US","Los Angeles Int Airport","Midsize (Toyota RAV4)","Incl. 26,071 miles","$ 44.82","$ 16,357.54","$ 9.16/ day"
"2024-03-17","2025-03-17","US","Los Angeles Int Airport","Premium (BMW 2 Series)","Incl. 26,071 miles","$ 46.87","$ 17,108.21","$ 9.16/ day"
"2024-03-17","2025-03-17","US","Los Angeles Int Airport","Luxury (BMW i4)","Incl. 26,071 miles","$ 47.91","$ 17,486.15","$ 9.16/ day"
"2024-03-17","2025-03-17","US","Los Angeles Int Airport","Luxury (BMW 3 Series)","Incl. 26,071 miles","$ 48.35","$ 17,646.54","$ 9.16/ day"
"2024-03-17","2025-03-17","US","Los Angeles Int Airport","Standard (Chevrolet Blazer)","Incl. 26,071 miles","$ 48.45","$ 17,685.39","$ 9.16/ day"
"2024-03-17","2025-03-17","US","Los Angeles Int Airport","Standard (Ford Mustang Convertible)","Incl. 26,071 miles","$ 51.23","$ 18,698.93","$ 9.16/ day"
"2024-03-17","2025-03-17","US","Los Angeles Int Airport","Premium (BMW X1)","Incl. 26,071 miles","$ 53.09","$ 19,376.96","$ 9.16/ day"
"2024-03-17","2025-03-17","US","Los Angeles Int Airport","Standard Elite (GMC Acadia)","Incl. 26,071 miles","$ 55.63","$ 20,304.96","$ 9.16/ day"
"2024-03-17","2025-03-17","US","Los Angeles Int Airport","Extraordinary (BMW 5 Series)","Incl. 26,071 miles","$ 56.19","$ 20,508.64","$ 9.16/ day"
"2024-03-17","2025-03-17","US","Los Angeles Int Airport","Luxury (BMW X3)","Incl. 26,071 miles","$ 56.24","$ 20,526.75","$ 9.16/ day"
"2024-03-17","2025-03-17","US","Los Angeles Int Airport","Minivan (Chrysler Pacifica)","Incl. 26,071 miles","$ 64.18","$ 23,426.02","$ 9.16/ day"
"2024-03-17","2025-03-17","US","Los Angeles Int Airport","Full-size (Chevrolet Tahoe)","Incl. 26,071 miles","$ 68.88","$ 25,142.33","$ 9.16/ day"
"2024-03-17","2025-03-17","US","Los Angeles Int Airport","Extraordinary (BMW Z4 Convertible)","Incl. 22,995 miles","$ 69.67","$ 25,429.64","$ 9.16/ day"
"2024-03-17","2025-03-17","US","Los Angeles Int Airport","Full-size Elite (Chevrolet Suburban)","Incl. 26,071 miles","$ 71.12","$ 25,959.61","$ 9.16/ day"
"2024-03-17","2025-03-17","US","Los Angeles Int Airport","Luxury (BMW 4 Series Convertible)","Incl. 26,071 miles","$ 76.17","$ 27,802.31","$ 9.16/ day"
"2024-03-17","2025-03-17","US","Los Angeles Int Airport","Extraordinary (BMW 7 Series)","Incl. 22,995 miles","$ 98.21","$ 35,846.97","$ 9.16/ day"
"2024-03-17","2025-03-17","US","Los Angeles Int Airport","Extraordinary (Bentley Bentayga)","Incl. 13,140 miles","$ 547.23","$ 199,737.23","$ 9.16/ day"
"2024-03-17","2025-03-17","US","Los Angeles Int Airport","Extraordinary (Bentley Continental)","Incl. 13,140 miles","$ 653.61","$ 238,567.08","$ 9.16/ day"
"2024-03-17","2025-03-17","US","Beverly Hills","Midsize (Nissan Sentra)","Incl. 26,071 miles","$ 33.53","$ 12,237.19","$ 9.16/ day"
"2024-03-17","2025-03-17","US","Beverly Hills","Compact (Nissan Versa)","Incl. 26,071 miles","$ 34.02","$ 12,417.34","$ 9.16/ day"
"2024-03-17","2025-03-17","US","Beverly Hills","Standard (Toyota Corolla)","Incl. 26,071 miles","$ 34.50","$ 12,591.91","$ 9.16/ day"
"2024-03-17","2025-03-17","US","Beverly Hills","Full-size (Toyota Camry)","Incl. 26,071 miles","$ 34.94","$ 12,752.49","$ 9.16/ day"
"2024-03-17","2025-03-17","US","Beverly Hills","Compact (Chevrolet Trailblazer)","Incl. 26,071 miles","$ 35","$ 12,776.04","$ 9.16/ day"
"2024-03-17","2025-03-17","US","Beverly Hills","Standard (Chevrolet Camaro Coupe)","Incl. 26,071 miles","$ 36.37","$ 13,276.49","$ 9.16/ day"
"2024-03-17","2025-03-17","US","Beverly Hills","Midsize (Toyota RAV4)","Incl. 26,071 miles","$ 37.15","$ 13,558.97","$ 9.16/ day"
"2024-03-17","2025-03-17","US","Beverly Hills","Premium (BMW 2 Series)","Incl. 26,071 miles","$ 38.92","$ 14,206.17","$ 9.16/ day"
"2024-03-17","2025-03-17","US","Beverly Hills","Luxury (BMW 4 Series Coupe)","Incl. 26,071 miles","$ 40.57","$ 14,807.52","$ 9.16/ day"
"2024-03-17","2025-03-17","US","Beverly Hills","Luxury (BMW 3 Series)","Incl. 26,071 miles","$ 40.57","$ 14,807.52","$ 9.16/ day"
"2024-03-17","2025-03-17","US","Beverly Hills","Standard (Ford Mustang Convertible)","Incl. 26,071 miles","$ 43.07","$ 15,719.08","$ 9.16/ day"
"2024-03-17","2025-03-17","US","Beverly Hills","Standard (Chevrolet Blazer)","Incl. 26,071 miles","$ 44.20","$ 16,133.60","$ 9.16/ day"
"2024-03-17","2025-03-17","US","Beverly Hills","Premium (BMW X1)","Incl. 26,071 miles","$ 44.25","$ 16,149.44","$ 9.16/ day"
"2024-03-17","2025-03-17","US","Beverly Hills","Standard Elite (GMC Acadia)","Incl. 26,071 miles","$ 46.01","$ 16,793.06","$ 9.16/ day"
"2024-03-17","2025-03-17","US","Beverly Hills","Luxury (BMW X3)","Incl. 26,071 miles","$ 46.97","$ 17,144.92","$ 9.16/ day"
"2024-03-17","2025-03-17","US","Beverly Hills","Minivan (Chrysler Pacifica)","Incl. 26,071 miles","$ 54.27","$ 19,807.90","$ 9.16/ day"
"2024-03-17","2025-03-17","US","Beverly Hills","Full-size (Chevrolet Tahoe)","Incl. 26,071 miles","$ 58.38","$ 21,307.54","$ 9.16/ day"
"2024-03-17","2025-03-17","US","Beverly Hills","Full-size Elite (Chevrolet Suburban)","Incl. 26,071 miles","$ 60.32","$ 22,015.53","$ 9.16/ day"
"2024-03-17","2025-03-17","US","Beverly Hills","Luxury (BMW 4 Series Convertible)","Incl. 26,071 miles","$ 64.68","$ 23,607.94","$ 9.16/ day"
"2024-03-17","2025-03-17","US","Pasadena Downtown ","Compact (Nissan Versa)","Incl. 26,071 miles","$ 33.30","$ 12,153.73","$ 9.22/ day"
"2024-03-17","2025-03-17","US","Pasadena Downtown ","Standard (Toyota Corolla)","Incl. 26,071 miles","$ 33.77","$ 12,324.32","$ 9.22/ day"
"2024-03-17","2025-03-17","US","Pasadena Downtown ","Midsize (Nissan Sentra)","Incl. 26,071 miles","$ 34.72","$ 12,672.26","$ 9.22/ day"
"2024-03-17","2025-03-17","US","Pasadena Downtown ","Full-size (Toyota Camry)","Incl. 26,071 miles","$ 35.18","$ 12,839.84","$ 9.22/ day"
"2024-03-17","2025-03-17","US","Pasadena Downtown ","Midsize (Toyota RAV4)","Incl. 26,071 miles","$ 37.05","$ 13,522.78","$ 9.22/ day"
"2024-03-17","2025-03-17","US","Pasadena Downtown ","Premium (BMW 2 Series)","Incl. 26,071 miles","$ 38.82","$ 14,168.51","$ 9.22/ day"
"2024-03-17","2025-03-17","US","Pasadena Downtown ","Luxury (BMW 3 Series)","Incl. 26,071 miles","$ 40.85","$ 14,908.94","$ 9.22/ day"
"2024-03-17","2025-03-17","US","Pasadena Downtown ","Luxury (BMW 4 Series Coupe)","Incl. 26,071 miles","$ 40.85","$ 14,908.94","$ 9.22/ day"
"2024-03-17","2025-03-17","US","Pasadena Downtown ","Standard (Chevrolet Blazer)","Incl. 26,071 miles","$ 44.09","$ 16,091.04","$ 9.22/ day"
"2024-03-17","2025-03-17","US","Pasadena Downtown ","Premium (BMW X1)","Incl. 26,071 miles","$ 44.55","$ 16,260.06","$ 9.22/ day"
"2024-03-17","2025-03-17","US","Pasadena Downtown ","Standard Elite (GMC Acadia)","Incl. 26,071 miles","$ 46.77","$ 17,069.33","$ 9.22/ day"
"2024-03-17","2025-03-17","US","Pasadena Downtown ","Luxury (BMW X3)","Incl. 26,071 miles","$ 47.29","$ 17,262.35","$ 9.22/ day"
"2024-03-17","2025-03-17","US","Pasadena Downtown ","Extraordinary (BMW 5 Series)","Incl. 26,071 miles","$ 47.70","$ 17,408.79","$ 9.22/ day"
"2024-03-17","2025-03-17","US","Pasadena Downtown ","Luxury (BMW 4 Series Convertible)","Incl. 26,071 miles","$ 65.12","$ 23,769.64","$ 9.22/ day"
"2024-03-17","2025-03-17","US","Los Angeles Downtown","Compact (Nissan Versa)","Incl. 26,071 miles","$ 34.02","$ 12,417.34","$ 9.16/ day"
"2024-03-17","2025-03-17","US","Los Angeles Downtown","Midsize (Nissan Sentra)","Incl. 26,071 miles","$ 34.48","$ 12,586.05","$ 9.16/ day"
"2024-03-17","2025-03-17","US","Los Angeles Downtown","Standard (Toyota Corolla)","Incl. 26,071 miles","$ 34.50","$ 12,591.91","$ 9.16/ day"
"2024-03-17","2025-03-17","US","Los Angeles Downtown","Full-size (Toyota Camry)","Incl. 26,071 miles","$ 34.94","$ 12,752.49","$ 9.16/ day"
"2024-03-17","2025-03-17","US","Los Angeles Downtown","Midsize (Toyota RAV4)","Incl. 26,071 miles","$ 37.15","$ 13,558.97","$ 9.16/ day"
"2024-03-17","2025-03-17","US","Los Angeles Downtown","Premium (BMW 2 Series)","Incl. 26,071 miles","$ 38.92","$ 14,206.17","$ 9.16/ day"
"2024-03-17","2025-03-17","US","Los Angeles Downtown","Luxury (BMW 4 Series Coupe)","Incl. 26,071 miles","$ 40.57","$ 14,807.52","$ 9.16/ day"
"2024-03-17","2025-03-17","US","Los Angeles Downtown","Luxury (BMW 3 Series)","Incl. 26,071 miles","$ 40.57","$ 14,807.52","$ 9.16/ day"
"2024-03-17","2025-03-17","US","Los Angeles Downtown","Standard (Ford Mustang Convertible)","Incl. 26,071 miles","$ 43.07","$ 15,719.08","$ 9.16/ day"
"2024-03-17","2025-03-17","US","Los Angeles Downtown","Standard (Chevrolet Blazer)","Incl. 26,071 miles","$ 44.20","$ 16,133.60","$ 9.16/ day"
"2024-03-17","2025-03-17","US","Los Angeles Downtown","Premium (BMW X1)","Incl. 26,071 miles","$ 44.25","$ 16,149.44","$ 9.16/ day"
"2024-03-17","2025-03-17","US","Los Angeles Downtown","Luxury (BMW X3)","Incl. 26,071 miles","$ 46.97","$ 17,144.92","$ 9.16/ day"
"2024-03-17","2025-03-17","US","Los Angeles Downtown","Minivan (Chrysler Pacifica)","Incl. 26,071 miles","$ 54.27","$ 19,807.90","$ 9.16/ day"
"2024-03-17","2025-03-17","US","Los Angeles Studio City","Compact (Nissan Versa)","Incl. 26,071 miles","$ 33.07","$ 12,071.05","$ 9.16/ day"
"2024-03-17","2025-03-17","US","Los Angeles Studio City","Midsize (Nissan Sentra)","Incl. 26,071 miles","$ 34.48","$ 12,586.05","$ 9.16/ day"
"2024-03-17","2025-03-17","US","Los Angeles Studio City","Standard (Toyota Corolla)","Incl. 26,071 miles","$ 34.50","$ 12,591.91","$ 9.16/ day"
"2024-03-17","2025-03-17","US","Los Angeles Studio City","Full-size (Toyota Camry)","Incl. 26,071 miles","$ 34.94","$ 12,752.49","$ 9.16/ day"
"2024-03-17","2025-03-17","US","Los Angeles Studio City","Standard (Chevrolet Camaro Coupe)","Incl. 26,071 miles","$ 36.37","$ 13,276.49","$ 9.16/ day"
"2024-03-17","2025-03-17","US","Los Angeles Studio City","Midsize (Toyota RAV4)","Incl. 26,071 miles","$ 36.80","$ 13,430.79","$ 9.16/ day"
"2024-03-17","2025-03-17","US","Los Angeles Studio City","Premium (BMW 2 Series)","Incl. 26,071 miles","$ 38.92","$ 14,206.17","$ 9.16/ day"
"2024-03-17","2025-03-17","US","Los Angeles Studio City","Luxury (BMW 4 Series Coupe)","Incl. 26,071 miles","$ 40.57","$ 14,807.52","$ 9.16/ day"
"2024-03-17","2025-03-17","US","Los Angeles Studio City","Luxury (BMW 3 Series)","Incl. 26,071 miles","$ 40.57","$ 14,807.52","$ 9.16/ day"
"2024-03-17","2025-03-17","US","Los Angeles Studio City","Standard (Chevrolet Blazer)","Incl. 26,071 miles","$ 44.20","$ 16,133.60","$ 9.16/ day"
"2024-03-17","2025-03-17","US","Los Angeles Studio City","Premium (BMW X1)","Incl. 26,071 miles","$ 44.25","$ 16,149.44","$ 9.16/ day"
"2024-03-17","2025-03-17","US","Los Angeles Studio City","Standard Elite (GMC Acadia)","Incl. 26,071 miles","$ 46.45","$ 16,953.22","$ 9.16/ day"
"2024-03-17","2025-03-17","US","Los Angeles Studio City","Luxury (BMW X3)","Incl. 26,071 miles","$ 46.97","$ 17,144.92","$ 9.16/ day"
"2024-03-17","2025-03-17","US","Los Angeles Studio City","Extraordinary (BMW 5 Series)","Incl. 26,071 miles","$ 47.37","$ 17,290.37","$ 9.16/ day"
"2024-03-17","2025-03-17","US","Los Angeles Studio City","Minivan (Chrysler Pacifica)","Incl. 26,071 miles","$ 54.80","$ 20,001.17","$ 9.16/ day"
"2024-03-17","2025-03-17","US","Los Angeles Studio City","Full-size (Chevrolet Tahoe)","Incl. 26,071 miles","$ 58.38","$ 21,307.54","$ 9.16/ day"
"2024-03-17","2025-03-17","US","Los Angeles Studio City","Full-size Elite (Chevrolet Suburban)","Incl. 26,071 miles","$ 60.32","$ 22,015.53","$ 9.16/ day"
"2024-03-17","2025-03-17","US","Los Angeles Venice Beach","Compact (Nissan Versa)","Incl. 26,071 miles","$ 34.02","$ 12,417.34","$ 9.16/ day"
"2024-03-17","2025-03-17","US","Los Angeles Venice Beach","Midsize (Nissan Sentra)","Incl. 26,071 miles","$ 34.48","$ 12,586.05","$ 9.16/ day"
"2024-03-17","2025-03-17","US","Los Angeles Venice Beach","Standard (Toyota Corolla)","Incl. 26,071 miles","$ 34.50","$ 12,591.91","$ 9.16/ day"
"2024-03-17","2025-03-17","US","Los Angeles Venice Beach","Full-size (Toyota Camry)","Incl. 26,071 miles","$ 34.94","$ 12,752.49","$ 9.16/ day"
"2024-03-17","2025-03-17","US","Los Angeles Venice Beach","Midsize (Toyota RAV4)","Incl. 26,071 miles","$ 37.15","$ 13,558.97","$ 9.16/ day"
"2024-03-17","2025-03-17","US","Los Angeles Venice Beach","Premium (BMW 2 Series)","Incl. 26,071 miles","$ 38.92","$ 14,206.17","$ 9.16/ day"
"2024-03-17","2025-03-17","US","Los Angeles Venice Beach","Luxury (BMW 3 Series)","Incl. 26,071 miles","$ 40.57","$ 14,807.52","$ 9.16/ day"
"2024-03-17","2025-03-17","US","Los Angeles Venice Beach","Luxury (BMW 4 Series Coupe)","Incl. 26,071 miles","$ 40.57","$ 14,807.52","$ 9.16/ day"
"2024-03-17","2025-03-17","US","Los Angeles Venice Beach","Standard (Chevrolet Blazer)","Incl. 26,071 miles","$ 44.20","$ 16,133.60","$ 9.16/ day"
"2024-03-17","2025-03-17","US","Los Angeles Venice Beach","Standard Elite (GMC Acadia)","Incl. 26,071 miles","$ 46.01","$ 16,793.06","$ 9.16/ day"
"2024-03-17","2025-03-17","US","Los Angeles Venice Beach","Minivan (Chrysler Pacifica)","Incl. 26,071 miles","$ 54.80","$ 20,001.17","$ 9.16/ day"
"2024-03-17","2025-03-17","US","Los Angeles Venice Beach","Full-size (Chevrolet Tahoe)","Incl. 26,071 miles","$ 58.38","$ 21,307.54","$ 9.16/ day"
"2024-03-17","2025-03-17","US","Los Angeles Venice Beach","Luxury (BMW 4 Series Convertible)","Incl. 26,071 miles","$ 64.68","$ 23,607.94","$ 9.16/ day"
"2024-03-17","2025-03-17","US","West Hollywood","Standard (Toyota Corolla)","Incl. 26,071 miles","$ 33.54","$ 12,240.48","$ 9.16/ day"
"2024-03-17","2025-03-17","US","West Hollywood","Compact (Nissan Versa)","Incl. 26,071 miles","$ 34.02","$ 12,417.34","$ 9.16/ day"
"2024-03-17","2025-03-17","US","West Hollywood","Midsize (Nissan Sentra)","Incl. 26,071 miles","$ 34.48","$ 12,586.05","$ 9.16/ day"
"2024-03-17","2025-03-17","US","West Hollywood","Full-size (Toyota Camry)","Incl. 26,071 miles","$ 34.94","$ 12,752.49","$ 9.16/ day"
"2024-03-17","2025-03-17","US","West Hollywood","Midsize (Toyota RAV4)","Incl. 26,071 miles","$ 37.15","$ 13,558.97","$ 9.16/ day"
"2024-03-17","2025-03-17","US","West Hollywood","Premium (BMW 2 Series)","Incl. 26,071 miles","$ 38.92","$ 14,206.17","$ 9.16/ day"
"2024-03-17","2025-03-17","US","West Hollywood","Luxury (BMW 3 Series)","Incl. 26,071 miles","$ 40.57","$ 14,807.52","$ 9.16/ day"
"2024-03-17","2025-03-17","US","West Hollywood","Luxury (BMW 4 Series Coupe)","Incl. 26,071 miles","$ 40.57","$ 14,807.52","$ 9.16/ day"
"2024-03-17","2025-03-17","US","West Hollywood","Standard (Chevrolet Blazer)","Incl. 26,071 miles","$ 44.20","$ 16,133.60","$ 9.16/ day"
"2024-03-17","2025-03-17","US","West Hollywood","Premium (BMW X1)","Incl. 26,071 miles","$ 44.25","$ 16,149.44","$ 9.16/ day"
"2024-03-17","2025-03-17","US","West Hollywood","Standard Elite (GMC Acadia)","Incl. 26,071 miles","$ 46.45","$ 16,953.22","$ 9.16/ day"
"2024-03-17","2025-03-17","US","West Hollywood","Luxury (BMW X3)","Incl. 26,071 miles","$ 46.97","$ 17,144.92","$ 9.16/ day"
"2024-03-17","2025-03-17","US","West Hollywood","Extraordinary (BMW 5 Series)","Incl. 26,071 miles","$ 47.37","$ 17,290.37","$ 9.16/ day"
"2024-03-17","2025-03-17","US","West Hollywood","Minivan (Chrysler Pacifica)","Incl. 26,071 miles","$ 54.27","$ 19,807.90","$ 9.16/ day"
"2024-03-17","2025-03-17","US","West Hollywood","Full-size (Chevrolet Tahoe)","Incl. 26,071 miles","$ 58.38","$ 21,307.54","$ 9.16/ day"
"2024-03-17","2025-03-17","US","West Hollywood","Extraordinary (BMW Z4 Convertible)","Incl. 22,995 miles","$ 59.05","$ 21,554.47","$ 9.16/ day"
"2024-03-17","2025-03-17","US","West Hollywood","Full-size Elite (Chevrolet Suburban)","Incl. 26,071 miles","$ 60.32","$ 22,015.53","$ 9.16/ day"
"2024-03-17","2025-03-17","US","Huntington Beach Downtown","Compact (Nissan Versa)","Incl. 26,071 miles","$ 32.54","$ 11,878.13","$ 9.01/ day"
"2024-03-17","2025-03-17","US","Huntington Beach Downtown","Midsize (Nissan Sentra)","Incl. 26,071 miles","$ 32.99","$ 12,041.62","$ 9.01/ day"
"2024-03-17","2025-03-17","US","Huntington Beach Downtown","Standard (Toyota Corolla)","Incl. 26,071 miles","$ 33","$ 12,044.86","$ 9.01/ day"
"2024-03-17","2025-03-17","US","Huntington Beach Downtown","Full-size (Toyota Camry)","Incl. 26,071 miles","$ 33.43","$ 12,200.62","$ 9.01/ day"
"2024-03-17","2025-03-17","US","Huntington Beach Downtown","Midsize (Toyota RAV4)","Incl. 26,071 miles","$ 36.21","$ 13,216.14","$ 9.01/ day"
"2024-03-17","2025-03-17","US","Huntington Beach Downtown","Premium (BMW 2 Series)","Incl. 26,071 miles","$ 37.94","$ 13,847.23","$ 9.01/ day"
"2024-03-17","2025-03-17","US","Huntington Beach Downtown","Luxury (BMW 3 Series)","Incl. 26,071 miles","$ 39.92","$ 14,570.87","$ 9.01/ day"
"2024-03-17","2025-03-17","US","Huntington Beach Downtown","Luxury (BMW 4 Series Coupe)","Incl. 26,071 miles","$ 39.92","$ 14,570.87","$ 9.01/ day"
"2024-03-17","2025-03-17","US","Huntington Beach Downtown","Standard (Ford Mustang Convertible)","Incl. 26,071 miles","$ 42.38","$ 15,467.86","$ 9.01/ day"
"2024-03-17","2025-03-17","US","Huntington Beach Downtown","Standard (Chevrolet Blazer)","Incl. 26,071 miles","$ 43.09","$ 15,726.17","$ 9.01/ day"
"2024-03-17","2025-03-17","US","Huntington Beach Downtown","Premium (BMW X1)","Incl. 26,071 miles","$ 43.54","$ 15,891.35","$ 9.01/ day"
"2024-03-17","2025-03-17","US","Huntington Beach Downtown","Standard Elite (GMC Acadia)","Incl. 26,071 miles","$ 45.27","$ 16,524.68","$ 9.01/ day"
"2024-03-17","2025-03-17","US","Huntington Beach Downtown","Luxury (BMW X3)","Incl. 26,071 miles","$ 46.22","$ 16,870.91","$ 9.01/ day"
"2024-03-17","2025-03-17","US","Huntington Beach Downtown","Minivan (Chrysler Pacifica)","Incl. 26,071 miles","$ 53.92","$ 19,681.52","$ 9.01/ day"
"2024-03-17","2025-03-17","US","Boca Raton near Mizner Park","Full-size (Toyota Camry)","Incl. 26,071 miles","$ 31.76","$ 11,591.38","$ 8.95/ day"
"2024-03-17","2025-03-17","US","Boca Raton near Mizner Park","Compact (Nissan Versa)","Incl. 26,071 miles","$ 32","$ 11,678.71","$ 8.95/ day"
"2024-03-17","2025-03-17","US","Boca Raton near Mizner Park","Midsize (Nissan Sentra)","Incl. 26,071 miles","$ 32.21","$ 11,757.37","$ 8.95/ day"
"2024-03-17","2025-03-17","US","Boca Raton near Mizner Park","Standard (Toyota Corolla)","Incl. 26,071 miles","$ 32.42","$ 11,833.39","$ 8.95/ day"
"2024-03-17","2025-03-17","US","Boca Raton near Mizner Park","Midsize (Toyota RAV4)","Incl. 26,071 miles","$ 34.57","$ 12,619.78","$ 8.95/ day"
"2024-03-17","2025-03-17","US","Boca Raton near Mizner Park","Premium (BMW 2 Series)","Incl. 26,071 miles","$ 35.98","$ 13,132.93","$ 8.95/ day"
"2024-03-17","2025-03-17","US","Boca Raton near Mizner Park","Luxury (BMW 3 Series)","Incl. 26,071 miles","$ 37.20","$ 13,577.47","$ 8.95/ day"
"2024-03-17","2025-03-17","US","Boca Raton near Mizner Park","Standard (Chevrolet Blazer)","Incl. 26,071 miles","$ 40.42","$ 14,752.89","$ 8.95/ day"
"2024-03-17","2025-03-17","US","Boca Raton near Mizner Park","Premium (BMW X1)","Incl. 26,071 miles","$ 40.70","$ 14,855.41","$ 8.95/ day"
"2024-03-17","2025-03-17","US","Boca Raton near Mizner Park","Standard Elite (GMC Acadia)","Incl. 26,071 miles","$ 42.41","$ 15,479.44","$ 8.95/ day"
"2024-03-17","2025-03-17","US","Boca Raton near Mizner Park","Luxury (BMW X3)","Incl. 26,071 miles","$ 42.63","$ 15,560.64","$ 8.95/ day"
"2024-03-17","2025-03-17","US","Boca Raton near Mizner Park","Extraordinary (BMW 5 Series)","Incl. 26,071 miles","$ 42.98","$ 15,689.52","$ 8.95/ day"
"2024-03-17","2025-03-17","US","Boca Raton near Mizner Park","Extraordinary (BMW X5)","Incl. 26,071 miles","$ 46.55","$ 16,990.19","$ 8.95/ day"
"2024-03-17","2025-03-17","US","Boca Raton near Mizner Park","Luxury (BMW 4 Series Convertible)","Incl. 26,071 miles","$ 63.98","$ 23,354.04","$ 8.95/ day"
"2024-03-17","2025-03-17","US","Boca Raton near Mizner Park","Full-size (Chevrolet Tahoe)","Incl. 26,071 miles","$ 100.90","$ 36,828.60","$ 8.95/ day"
"2024-03-17","2025-03-17","US","Boca Raton near Mizner Park","Minivan (Chrysler Pacifica)","Incl. 26,071 miles","$ 152.97","$ 55,833.60","$ 8.95/ day"
"2024-03-17","2025-03-17","US","Boston Int Airport","Compact (Nissan Versa)","Incl. 26,071 miles","$ 48.15","$ 17,576.35","$ 10.17/ day"
"2024-03-17","2025-03-17","US","Boston Int Airport","Midsize (Nissan Sentra)","Incl. 26,071 miles","$ 48.43","$ 17,678.69","$ 10.17/ day"
"2024-03-17","2025-03-17","US","Boston Int Airport","Standard (Toyota Corolla)","Incl. 26,071 miles","$ 48.71","$ 17,777.63","$ 10.17/ day"
"2024-03-17","2025-03-17","US","Boston Int Airport","Full-size (Toyota Camry)","Incl. 26,071 miles","$ 48.96","$ 17,870.88","$ 10.17/ day"
"2024-03-17","2025-03-17","US","Boston Int Airport","Midsize (Toyota RAV4)","Incl. 26,071 miles","$ 51.53","$ 18,807.33","$ 10.17/ day"
"2024-03-17","2025-03-17","US","Boston Int Airport","Premium (BMW 2 Series)","Incl. 26,071 miles","$ 53.36","$ 19,475.68","$ 10.17/ day"
"2024-03-17","2025-03-17","US","Boston Int Airport","Luxury (BMW 3 Series)","Incl. 26,071 miles","$ 54.52","$ 19,899.04","$ 10.17/ day"
"2024-03-17","2025-03-17","US","Boston Int Airport","Standard (Chevrolet Blazer)","Incl. 26,071 miles","$ 59.14","$ 21,585.85","$ 10.17/ day"
"2024-03-17","2025-03-17","US","Boston Int Airport","Premium (BMW X1)","Incl. 26,071 miles","$ 59.51","$ 21,722.97","$ 10.17/ day"
"2024-03-17","2025-03-17","US","Boston Int Airport","Standard Elite (GMC Acadia)","Incl. 26,071 miles","$ 61.73","$ 22,531.97","$ 10.17/ day"
"2024-03-17","2025-03-17","US","Boston Int Airport","Extraordinary (BMW 5 Series)","Incl. 26,071 miles","$ 61.98","$ 22,623.70","$ 10.17/ day"
"2024-03-17","2025-03-17","US","Boston Int Airport","Luxury (BMW X3)","Incl. 26,071 miles","$ 62.03","$ 22,641.57","$ 10.17/ day"
"2024-03-17","2025-03-17","US","Boston Int Airport","Minivan (Chrysler Pacifica)","Incl. 26,071 miles","$ 70.50","$ 25,732.79","$ 10.17/ day"
"2024-03-17","2025-03-17","US","Boston Int Airport","Full-size (Chevrolet Tahoe)","Incl. 26,071 miles","$ 73.64","$ 26,876.82","$ 10.17/ day"
"2024-03-17","2025-03-17","US","Boston/Westin Seaport ","Compact (Nissan Versa)","Incl. 26,071 miles","$ 30.28","$ 11,053.55","$ 10.17/ day"
"2024-03-17","2025-03-17","US","Boston/Westin Seaport ","Midsize (Nissan Sentra)","Incl. 26,071 miles","$ 30.48","$ 11,125.86","$ 10.17/ day"
"2024-03-17","2025-03-17","US","Boston/Westin Seaport ","Standard (Toyota Corolla)","Incl. 26,071 miles","$ 30.67","$ 11,195.52","$ 10.17/ day"
"2024-03-17","2025-03-17","US","Boston/Westin Seaport ","Full-size (Toyota Camry)","Incl. 26,071 miles","$ 30.85","$ 11,261.30","$ 10.17/ day"
"2024-03-17","2025-03-17","US","Boston/Westin Seaport ","Midsize (Toyota RAV4)","Incl. 26,071 miles","$ 33.22","$ 12,126.40","$ 10.17/ day"
"2024-03-17","2025-03-17","US","Boston/Westin Seaport ","Premium (BMW 2 Series)","Incl. 26,071 miles","$ 34.54","$ 12,606.88","$ 10.17/ day"
"2024-03-17","2025-03-17","US","Boston/Westin Seaport ","Luxury (BMW 3 Series)","Incl. 26,071 miles","$ 36","$ 13,139.57","$ 10.17/ day"
"2024-03-17","2025-03-17","US","Boston/Westin Seaport ","Standard (Chevrolet Blazer)","Incl. 26,071 miles","$ 38.70","$ 14,123.79","$ 10.17/ day"
"2024-03-17","2025-03-17","US","Boston/Westin Seaport ","Premium (BMW X1)","Incl. 26,071 miles","$ 39.31","$ 14,348.15","$ 10.17/ day"
"2024-03-17","2025-03-17","US","Boston/Westin Seaport ","Standard Elite (GMC Acadia)","Incl. 26,071 miles","$ 40.56","$ 14,803.98","$ 10.17/ day"
"2024-03-17","2025-03-17","US","San Diego Int Airport","Compact (Nissan Versa)","Incl. 26,071 miles","$ 41.31","$ 15,077.40","$ 9.02/ day"
"2024-03-17","2025-03-17","US","San Diego Int Airport","Midsize (Nissan Sentra)","Incl. 26,071 miles","$ 41.83","$ 15,268.78","$ 9.02/ day"
"2024-03-17","2025-03-17","US","San Diego Int Airport","Standard (Toyota Corolla)","Incl. 26,071 miles","$ 41.87","$ 15,281.62","$ 9.02/ day"
"2024-03-17","2025-03-17","US","San Diego Int Airport","Compact (Chevrolet Trailblazer)","Incl. 26,071 miles","$ 42.12","$ 15,375.22","$ 9.02/ day"
"2024-03-17","2025-03-17","US","San Diego Int Airport","Full-size (Toyota Camry)","Incl. 26,071 miles","$ 42.37","$ 15,463.52","$ 9.02/ day"
"2024-03-17","2025-03-17","US","San Diego Int Airport","Midsize (Toyota RAV4)","Incl. 26,071 miles","$ 44.19","$ 16,129.74","$ 9.02/ day"
"2024-03-17","2025-03-17","US","San Diego Int Airport","Premium (BMW 2 Series)","Incl. 26,071 miles","$ 46.22","$ 16,869.55","$ 9.02/ day"
"2024-03-17","2025-03-17","US","San Diego Int Airport","Luxury (BMW 3 Series)","Incl. 26,071 miles","$ 47.67","$ 17,400.06","$ 9.02/ day"
"2024-03-17","2025-03-17","US","San Diego Int Airport","Standard (Chevrolet Blazer)","Incl. 26,071 miles","$ 52.27","$ 19,078.59","$ 9.02/ day"
"2024-03-17","2025-03-17","US","San Diego Int Airport","Premium (BMW X1)","Incl. 26,071 miles","$ 52.34","$ 19,105.58","$ 9.02/ day"
"2024-03-17","2025-03-17","US","San Diego Int Airport","Standard Elite (GMC Acadia)","Incl. 26,071 miles","$ 54.85","$ 20,020.13","$ 9.02/ day"
"2024-03-17","2025-03-17","US","San Diego Int Airport","Extraordinary (BMW 5 Series)","Incl. 26,071 miles","$ 54.89","$ 20,035.91","$ 9.02/ day"
"2024-03-17","2025-03-17","US","San Diego Int Airport","Luxury (BMW X3)","Incl. 26,071 miles","$ 55.45","$ 20,238.69","$ 9.02/ day"
"2024-03-17","2025-03-17","US","San Diego Int Airport","Extraordinary (BMW X5)","Incl. 26,071 miles","$ 59.97","$ 21,890.51","$ 9.02/ day"
"2024-03-17","2025-03-17","US","San Diego Int Airport","Minivan (Chrysler Pacifica)","Incl. 26,071 miles","$ 63.28","$ 23,096.22","$ 9.02/ day"
"2024-03-17","2025-03-17","US","San Diego Int Airport","Full-size Elite (Chevrolet Suburban)","Incl. 26,071 miles","$ 70.12","$ 25,593.13","$ 9.02/ day"
"2024-03-17","2025-03-17","US","San Francisco Int Airport","Midsize (Nissan Sentra)","Incl. 26,071 miles","$ 44.46","$ 16,229.17","$ 9.15/ day"
"2024-03-17","2025-03-17","US","San Francisco Int Airport","Standard (Toyota Corolla)","Incl. 26,071 miles","$ 44.52","$ 16,249.34","$ 9.15/ day"
"2024-03-17","2025-03-17","US","San Francisco Int Airport","Full-size (Toyota Camry)","Incl. 26,071 miles","$ 45.04","$ 16,440.79","$ 9.15/ day"
"2024-03-17","2025-03-17","US","San Francisco Int Airport","Midsize (Toyota RAV4)","Incl. 26,071 miles","$ 47.02","$ 17,163.94","$ 9.15/ day"
"2024-03-17","2025-03-17","US","San Francisco Int Airport","Premium (BMW 2 Series)","Incl. 26,071 miles","$ 49.21","$ 17,961.32","$ 9.15/ day"
"2024-03-17","2025-03-17","US","San Francisco Int Airport","Compact (MINI Cooper Convertible)","Incl. 26,071 miles","$ 50.17","$ 18,310.48","$ 9.15/ day"
"2024-03-17","2025-03-17","US","San Francisco Int Airport","Luxury (BMW 3 Series)","Incl. 26,071 miles","$ 50.77","$ 18,529.54","$ 9.15/ day"
"2024-03-17","2025-03-17","US","San Francisco Int Airport","Standard (Chevrolet Blazer)","Incl. 26,071 miles","$ 55.76","$ 20,351.70","$ 9.15/ day"
"2024-03-17","2025-03-17","US","San Francisco Int Airport","Premium (BMW X1)","Incl. 26,071 miles","$ 55.86","$ 20,388.92","$ 9.15/ day"
"2024-03-17","2025-03-17","US","San Francisco Int Airport","Standard Elite (GMC Acadia)","Incl. 26,071 miles","$ 58.56","$ 21,373.74","$ 9.15/ day"
"2024-03-17","2025-03-17","US","San Francisco Int Airport","Luxury (BMW X3)","Incl. 26,071 miles","$ 59.19","$ 21,603.01","$ 9.15/ day"
"2024-03-17","2025-03-17","US","San Francisco Int Airport","Minivan (Chrysler Pacifica)","Incl. 26,071 miles","$ 67.73","$ 24,720.47","$ 9.15/ day"
"2024-03-17","2025-03-17","US","San Francisco Int Airport","Full-size (Chevrolet Tahoe)","Incl. 26,071 miles","$ 72.69","$ 26,533.24","$ 9.15/ day"
"2024-03-17","2025-03-17","US","San Francisco Int Airport","Full-size Elite (Chevrolet Suburban)","Incl. 26,071 miles","$ 75.09","$ 27,407.67","$ 9.15/ day"
"2024-03-17","2025-03-17","US","San Francisco Int Airport","Luxury (BMW 4 Series Convertible)","Incl. 26,071 miles","$ 88.39","$ 32,264.13","$ 9.15/ day"
"2024-03-17","2025-03-17","US","San Francisco Fishermans Wharf","Compact (Nissan Versa)","Incl. 26,071 miles","$ 35.36","$ 12,907.88","$ 9.09/ day"
"2024-03-17","2025-03-17","US","San Francisco Fishermans Wharf","Midsize (Nissan Sentra)","Incl. 26,071 miles","$ 35.83","$ 13,079.64","$ 9.09/ day"
"2024-03-17","2025-03-17","US","San Francisco Fishermans Wharf","Standard (Toyota Corolla)","Incl. 26,071 miles","$ 35.86","$ 13,089.68","$ 9.09/ day"
"2024-03-17","2025-03-17","US","San Francisco Fishermans Wharf","Full-size (Toyota Camry)","Incl. 26,071 miles","$ 36.31","$ 13,253.09","$ 9.09/ day"
"2024-03-17","2025-03-17","US","San Francisco Fishermans Wharf","Midsize (Toyota RAV4)","Incl. 26,071 miles","$ 38.61","$ 14,093.21","$ 9.09/ day"
"2024-03-17","2025-03-17","US","San Francisco Fishermans Wharf","Premium (BMW 2 Series)","Incl. 26,071 miles","$ 40.07","$ 14,624.21","$ 9.09/ day"
"2024-03-17","2025-03-17","US","San Francisco Fishermans Wharf","Compact (MINI Cooper Convertible)","Incl. 26,071 miles","$ 42.02","$ 15,337.02","$ 9.09/ day"
"2024-03-17","2025-03-17","US","San Francisco Fishermans Wharf","Luxury (BMW 3 Series)","Incl. 26,071 miles","$ 42.15","$ 15,385.31","$ 9.09/ day"
"2024-03-17","2025-03-17","US","San Francisco Fishermans Wharf","Extraordinary (BMW 5 Series)","Incl. 26,071 miles","$ 49.22","$ 17,966.55","$ 9.09/ day"
"2024-03-17","2025-03-17","US","San Francisco Mission District","Compact (MINI Cooper)","Incl. 26,071 miles","$ 34.38","$ 12,547.22","$ 9.09/ day"
"2024-03-17","2025-03-17","US","San Francisco Mission District","Midsize (Nissan Sentra)","Incl. 26,071 miles","$ 35.83","$ 13,079.64","$ 9.09/ day"
"2024-03-17","2025-03-17","US","San Francisco Mission District","Standard (Toyota Corolla)","Incl. 26,071 miles","$ 35.86","$ 13,089.68","$ 9.09/ day"
"2024-03-17","2025-03-17","US","San Francisco Mission District","Full-size (Toyota Camry)","Incl. 26,071 miles","$ 36.31","$ 13,253.09","$ 9.09/ day"
"2024-03-17","2025-03-17","US","San Francisco Mission District","Midsize (Toyota RAV4)","Incl. 26,071 miles","$ 38.61","$ 14,093.21","$ 9.09/ day"
"2024-03-17","2025-03-17","US","San Francisco Mission District","Premium (BMW 2 Series)","Incl. 26,071 miles","$ 40.45","$ 14,763.68","$ 9.09/ day"
"2024-03-17","2025-03-17","US","San Francisco Mission District","Compact (MINI Cooper Convertible)","Incl. 26,071 miles","$ 42.02","$ 15,337.02","$ 9.09/ day"
"2024-03-17","2025-03-17","US","San Francisco Mission District","Luxury (BMW 3 Series)","Incl. 26,071 miles","$ 42.15","$ 15,385.31","$ 9.09/ day"
"2024-03-17","2025-03-17","US","San Francisco Mission District","Extraordinary (BMW 5 Series)","Incl. 26,071 miles","$ 49.22","$ 17,966.55","$ 9.09/ day"
"2024-03-17","2025-03-17","US","San Francisco Mission District","Minivan (Chrysler Pacifica)","Incl. 26,071 miles","$ 56.43","$ 20,598.75","$ 9.09/ day"
"2024-03-17","2025-03-17","CR","San Jose (Costa Rica) Airport ","Geely Coolray 2WD Aut.","Unlimited km","$ 123.77","$ 45,176.30",""
"2024-03-17","2025-03-17","CR","San Jose (Costa Rica) Airport ","Mitsubishi ASX 4WD Aut.","Unlimited km","$ 137.30","$ 50,115.70",""
"2024-03-17","2025-03-17","CR","San Jose (Costa Rica) Airport ","Citroen Berlingo 2WD","Unlimited km","$ 155.93","$ 56,913.83",""
"2024-03-17","2025-03-17","CR","San Jose (Costa Rica) Airport ","Hyundai Tucson 4WD Aut.","Unlimited km","$ 164.03","$ 59,871.39",""
"2024-03-17","2025-03-17","CR","San Jose (Costa Rica) Airport ","Geely Okavango 2WD Aut.","Unlimited km","$ 172.13","$ 62,828.95",""
"2024-03-17","2025-03-17","CR","San Jose (Costa Rica) Airport ","SsangYong Rexton 4WD Aut.","Unlimited km","$ 228.35","$ 83,349.52",""
"2024-03-17","2025-03-17","CR","San Jose (Costa Rica) Airport ","BMW X5 sdrive 25d","Unlimited km","$ 407.12","$ 148,600.58",""
"2024-03-17","2025-03-17","CR","San Jose (Costa Rica) Airport ","Maserati Levante","Unlimited km","$ 868.99","$ 317,182.59",""
"2024-03-17","2025-03-17","US","San Jose (USA) Int Airport","Compact (Nissan Versa)","Incl. 26,071 miles","$ 41.84","$ 15,273.42","$ 9.15/ day"
"2024-03-17","2025-03-17","US","San Jose (USA) Int Airport","Midsize (Nissan Sentra)","Incl. 26,071 miles","$ 42.38","$ 15,467.43","$ 9.15/ day"
"2024-03-17","2025-03-17","US","San Jose (USA) Int Airport","Standard (Toyota Corolla)","Incl. 26,071 miles","$ 42.41","$ 15,480.42","$ 9.15/ day"
"2024-03-17","2025-03-17","US","San Jose (USA) Int Airport","Full-size (Toyota Camry)","Incl. 26,071 miles","$ 42.92","$ 15,664.80","$ 9.15/ day"
"2024-03-17","2025-03-17","US","San Jose (USA) Int Airport","Midsize (Toyota RAV4)","Incl. 26,071 miles","$ 43.56","$ 15,900.79","$ 9.15/ day"
"2024-03-17","2025-03-17","US","San Jose (USA) Int Airport","Premium (BMW 2 Series)","Incl. 26,071 miles","$ 46.82","$ 17,089.85","$ 9.15/ day"
"2024-03-17","2025-03-17","US","San Jose (USA) Int Airport","Luxury (BMW 3 Series)","Incl. 26,071 miles","$ 48.29","$ 17,627.58","$ 9.15/ day"
"2024-03-17","2025-03-17","US","San Jose (USA) Int Airport","Standard (Chevrolet Blazer)","Incl. 26,071 miles","$ 51.53","$ 18,807.90","$ 9.15/ day"
"2024-03-17","2025-03-17","US","San Jose (USA) Int Airport","Premium (BMW X1)","Incl. 26,071 miles","$ 53.03","$ 19,356.10","$ 9.15/ day"
"2024-03-17","2025-03-17","US","San Jose (USA) Int Airport","Luxury (BMW X3)","Incl. 26,071 miles","$ 55.16","$ 20,133","$ 9.15/ day"
"2024-03-17","2025-03-17","US","San Jose (USA) Int Airport","Standard Elite (GMC Acadia)","Incl. 26,071 miles","$ 55.57","$ 20,283.04","$ 9.15/ day"
"2024-03-17","2025-03-17","US","San Jose (USA) Int Airport","Extraordinary (BMW 5 Series)","Incl. 26,071 miles","$ 56.13","$ 20,486.50","$ 9.15/ day"
"2024-03-17","2025-03-17","US","San Jose (USA) Int Airport","Minivan (Chrysler Pacifica)","Incl. 26,071 miles","$ 64.11","$ 23,400.65","$ 9.15/ day"
"2024-03-17","2025-03-17","US","San Jose (USA) Int Airport","Full-size (Chevrolet Tahoe)","Incl. 26,071 miles","$ 68.17","$ 24,882.79","$ 9.15/ day"
"2024-03-17","2025-03-17","US","San Jose (USA) Int Airport","Full-size Elite (Chevrolet Suburban)","Incl. 26,071 miles","$ 71.04","$ 25,931.42","$ 9.15/ day"
"2024-03-17","2025-03-17","US","San Jose (USA) Int Airport","Extraordinary (BMW Z4 Convertible)","Incl. 22,995 miles","$ 76.26","$ 27,834.37","$ 9.15/ day"
"2024-03-17","2025-03-17","US","Santa Monica/Shore Hotel","Full-size (Toyota Camry)","Incl. 26,071 miles","$ 33.64","$ 12,277.85","$ 9.22/ day"
"2024-03-17","2025-03-17","US","Santa Monica/Shore Hotel","Compact (Nissan Versa)","Incl. 26,071 miles","$ 33.68","$ 12,294.78","$ 9.22/ day"
"2024-03-17","2025-03-17","US","Santa Monica/Shore Hotel","Midsize (Nissan Sentra)","Incl. 26,071 miles","$ 34.15","$ 12,463.06","$ 9.22/ day"
"2024-03-17","2025-03-17","US","Santa Monica/Shore Hotel","Standard (Toyota Corolla)","Incl. 26,071 miles","$ 34.16","$ 12,467.38","$ 9.22/ day"
"2024-03-17","2025-03-17","US","Santa Monica/Shore Hotel","Standard (Chevrolet Camaro Coupe)","Incl. 26,071 miles","$ 36.02","$ 13,149.12","$ 9.22/ day"
"2024-03-17","2025-03-17","US","Santa Monica/Shore Hotel","Midsize (Toyota RAV4)","Incl. 26,071 miles","$ 36.78","$ 13,425.85","$ 9.22/ day"
"2024-03-17","2025-03-17","US","Santa Monica/Shore Hotel","Premium (BMW 2 Series)","Incl. 26,071 miles","$ 38.54","$ 14,067.06","$ 9.22/ day"
"2024-03-17","2025-03-17","US","Santa Monica/Shore Hotel","Luxury (BMW 3 Series)","Incl. 26,071 miles","$ 40.17","$ 14,663.80","$ 9.22/ day"
"2024-03-17","2025-03-17","US","Santa Monica/Shore Hotel","Luxury (BMW 4 Series Coupe)","Incl. 26,071 miles","$ 40.17","$ 14,663.80","$ 9.22/ day"
"2024-03-17","2025-03-17","US","Santa Monica/Shore Hotel","Standard (Chevrolet Blazer)","Incl. 26,071 miles","$ 43.36","$ 15,825.45","$ 9.22/ day"
"2024-03-17","2025-03-17","US","Santa Monica/Shore Hotel","Premium (BMW X1)","Incl. 26,071 miles","$ 43.81","$ 15,989.82","$ 9.22/ day"
"2024-03-17","2025-03-17","US","Santa Monica/Shore Hotel","Standard (Ford Mustang Convertible)","Incl. 26,071 miles","$ 44.67","$ 16,304.39","$ 9.22/ day"
"2024-03-17","2025-03-17","US","Santa Monica/Shore Hotel","Standard Elite (GMC Acadia)","Incl. 26,071 miles","$ 45.99","$ 16,786.90","$ 9.22/ day"
"2024-03-17","2025-03-17","US","Santa Monica/Shore Hotel","Luxury (BMW X3)","Incl. 26,071 miles","$ 46.52","$ 16,978.25","$ 9.22/ day"
"2024-03-17","2025-03-17","US","Santa Monica/Shore Hotel","Extraordinary (BMW 5 Series)","Incl. 26,071 miles","$ 46.91","$ 17,122.08","$ 9.22/ day"
"2024-03-17","2025-03-17","US","Santa Monica/Shore Hotel","Minivan (Chrysler Pacifica)","Incl. 26,071 miles","$ 53.72","$ 19,609.51","$ 9.22/ day"
"2024-03-17","2025-03-17","US","Santa Monica/Shore Hotel","Extraordinary (BMW 8 Series Coupe)","Incl. 22,995 miles","$ 93.16","$ 34,002.84","$ 9.22/ day"
"2024-03-17","2025-03-17","US","Charlotte Douglas Int Airport","Midsize (Nissan Sentra)","Incl. 26,071 miles","$ 46.60","$ 17,007.42","$ 9.70/ day"
"2024-03-17","2025-03-17","US","Charlotte Douglas Int Airport","Compact (Chevrolet Trailblazer)","Incl. 26,071 miles","$ 48.80","$ 17,810.52","$ 9.70/ day"
"2024-03-17","2025-03-17","US","Charlotte Douglas Int Airport","Compact (Nissan Versa)","Incl. 26,071 miles","$ 49.16","$ 17,944.43","$ 9.70/ day"
"2024-03-17","2025-03-17","US","Charlotte Douglas Int Airport","Standard (Toyota Corolla)","Incl. 26,071 miles","$ 49.81","$ 18,179.47","$ 9.70/ day"
"2024-03-17","2025-03-17","US","Charlotte Douglas Int Airport","Full-size (Toyota Camry)","Incl. 26,071 miles","$ 50.11","$ 18,288.51","$ 9.70/ day"
"2024-03-17","2025-03-17","US","Charlotte Douglas Int Airport","Midsize (Toyota RAV4)","Incl. 26,071 miles","$ 52.21","$ 19,056","$ 9.70/ day"
"2024-03-17","2025-03-17","US","Charlotte Douglas Int Airport","Premium (BMW 2 Series)","Incl. 26,071 miles","$ 54.31","$ 19,822.15","$ 9.70/ day"
"2024-03-17","2025-03-17","US","Charlotte Douglas Int Airport","Luxury (BMW 3 Series)","Incl. 26,071 miles","$ 55.64","$ 20,307.55","$ 9.70/ day"
"2024-03-17","2025-03-17","US","Charlotte Douglas Int Airport","Standard (Chevrolet Blazer)","Incl. 26,071 miles","$ 59.31","$ 21,649.15","$ 9.70/ day"
"2024-03-17","2025-03-17","US","Charlotte Douglas Int Airport","Premium (BMW X1)","Incl. 26,071 miles","$ 61.37","$ 22,398.31","$ 9.70/ day"
"2024-03-17","2025-03-17","US","Charlotte Douglas Int Airport","Standard Elite (GMC Acadia)","Incl. 26,071 miles","$ 63.91","$ 23,325.93","$ 9.70/ day"
"2024-03-17","2025-03-17","US","Charlotte Douglas Int Airport","Luxury (BMW X3)","Incl. 26,071 miles","$ 64.25","$ 23,451.44","$ 9.70/ day"
"2024-03-17","2025-03-17","US","Charlotte Douglas Int Airport","Extraordinary (BMW X5)","Incl. 26,071 miles","$ 69.46","$ 25,354.19","$ 9.70/ day"
"2024-03-17","2025-03-17","US","Charlotte Douglas Int Airport","Minivan (Chrysler Pacifica)","Incl. 26,071 miles","$ 73.96","$ 26,995.37","$ 9.70/ day"
"2024-03-17","2025-03-17","US","Charlotte Douglas Int Airport","Full-size (Chevrolet Tahoe)","Incl. 26,071 miles","$ 78.28","$ 28,570.83","$ 9.70/ day"
"2024-03-17","2025-03-17","US","Charlotte Douglas Int Airport","Full-size Elite (Chevrolet Suburban)","Incl. 26,071 miles","$ 80.82","$ 29,498.94","$ 9.70/ day"
"2024-03-17","2025-03-17","US","Charlotte Douglas Int Airport","Extraordinary (BMW X7)","Incl. 26,071 miles","$ 82.69","$ 30,181.56","$ 9.70/ day"
"2024-03-17","2025-03-17","US","Chicago ORD Int Airport","Compact (Nissan Versa)","Incl. 26,071 miles","$ 46.24","$ 16,876.38","$ 8.36/ day"
"2024-03-17","2025-03-17","US","Chicago ORD Int Airport","Midsize (Nissan Sentra)","Incl. 26,071 miles","$ 46.51","$ 16,976.45","$ 8.36/ day"
"2024-03-17","2025-03-17","US","Chicago ORD Int Airport","Standard (Toyota Corolla)","Incl. 26,071 miles","$ 46.78","$ 17,073.04","$ 8.36/ day"
"2024-03-17","2025-03-17","US","Chicago ORD Int Airport","Full-size (Toyota Camry)","Incl. 26,071 miles","$ 47.02","$ 17,163.99","$ 8.36/ day"
"2024-03-17","2025-03-17","US","Chicago ORD Int Airport","Midsize (Toyota RAV4)","Incl. 26,071 miles","$ 49.15","$ 17,940.15","$ 8.36/ day"
"2024-03-17","2025-03-17","US","Chicago ORD Int Airport","Premium (BMW 2 Series)","Incl. 26,071 miles","$ 49.72","$ 18,146.46","$ 8.36/ day"
"2024-03-17","2025-03-17","US","Chicago ORD Int Airport","Luxury (BMW 3 Series)","Incl. 26,071 miles","$ 52.04","$ 18,995.48","$ 8.36/ day"
"2024-03-17","2025-03-17","US","Chicago ORD Int Airport","Premium (BMW X1)","Incl. 26,071 miles","$ 55.94","$ 20,419.70","$ 8.36/ day"
"2024-03-17","2025-03-17","US","Chicago ORD Int Airport","Standard (Chevrolet Blazer)","Incl. 26,071 miles","$ 56.51","$ 20,626.03","$ 8.36/ day"
"2024-03-17","2025-03-17","US","Chicago ORD Int Airport","Standard Elite (GMC Acadia)","Incl. 26,071 miles","$ 57.58","$ 21,014.88","$ 8.36/ day"
"2024-03-17","2025-03-17","US","Chicago ORD Int Airport","Luxury (BMW X3)","Incl. 26,071 miles","$ 58.33","$ 21,290.43","$ 8.36/ day"
"2024-03-17","2025-03-17","US","Chicago ORD Int Airport","Extraordinary (BMW 5 Series)","Incl. 26,071 miles","$ 59.26","$ 21,629.18","$ 8.36/ day"
"2024-03-17","2025-03-17","US","Chicago ORD Int Airport","Extraordinary (BMW X5)","Incl. 26,071 miles","$ 63.70","$ 23,251.11","$ 8.36/ day"
"2024-03-17","2025-03-17","US","Chicago ORD Int Airport","Full-size (Chevrolet Tahoe)","Incl. 26,071 miles","$ 71.13","$ 25,963.31","$ 8.36/ day"
"2024-03-17","2025-03-17","US","Chicago ORD Int Airport","Full-size Elite (Chevrolet Suburban)","Incl. 26,071 miles","$ 73.28","$ 26,745.85","$ 8.36/ day"
"2024-03-17","2025-03-17","US","Chicago South Loop","Compact (Nissan Versa)","Incl. 26,071 miles","$ 35.71","$ 13,034.94","$ 8.36/ day"
"2024-03-17","2025-03-17","US","Chicago South Loop","Midsize (Nissan Sentra)","Incl. 26,071 miles","$ 35.97","$ 13,128.31","$ 8.36/ day"
"2024-03-17","2025-03-17","US","Chicago South Loop","Standard (Toyota Corolla)","Incl. 26,071 miles","$ 36.22","$ 13,218.53","$ 8.36/ day"
"2024-03-17","2025-03-17","US","Chicago South Loop","Full-size (Toyota Camry)","Incl. 26,071 miles","$ 36.45","$ 13,303.55","$ 8.36/ day"
"2024-03-17","2025-03-17","US","Chicago South Loop","Midsize (Toyota RAV4)","Incl. 26,071 miles","$ 38.77","$ 14,152.47","$ 8.36/ day"
"2024-03-17","2025-03-17","US","Chicago South Loop","Premium (BMW 2 Series)","Incl. 26,071 miles","$ 40.44","$ 14,761.78","$ 8.36/ day"
"2024-03-17","2025-03-17","US","Chicago South Loop","Luxury (BMW 3 Series)","Incl. 26,071 miles","$ 41.89","$ 15,289.54","$ 8.36/ day"
"2024-03-17","2025-03-17","US","Chicago South Loop","Standard (Chevrolet Blazer)","Incl. 26,071 miles","$ 45.71","$ 16,685.33","$ 8.36/ day"
"2024-03-17","2025-03-17","US","Chicago South Loop","Premium (BMW X1)","Incl. 26,071 miles","$ 46.05","$ 16,807.09","$ 8.36/ day"
"2024-03-17","2025-03-17","US","Chicago South Loop","Standard Elite (GMC Acadia)","Incl. 26,071 miles","$ 48.08","$ 17,547.96","$ 8.36/ day"
"2024-03-17","2025-03-17","US","Chicago South Loop","Luxury (BMW X3)","Incl. 26,071 miles","$ 48.34","$ 17,644.49","$ 8.36/ day"
"2024-03-17","2025-03-17","US","Chicago South Loop","Extraordinary (BMW 5 Series)","Incl. 26,071 miles","$ 48.76","$ 17,797.50","$ 8.36/ day"
"2024-03-17","2025-03-17","US","Chicago/Hyatt Regency ","Standard (Toyota Corolla)","Incl. 26,071 miles","$ 33.59","$ 12,261.41","$ 8.36/ day"
"2024-03-17","2025-03-17","US","Chicago/Hyatt Regency ","Compact (Nissan Versa)","Incl. 26,071 miles","$ 34.08","$ 12,438.71","$ 8.36/ day"
"2024-03-17","2025-03-17","US","Chicago/Hyatt Regency ","Midsize (Nissan Sentra)","Incl. 26,071 miles","$ 34.32","$ 12,527.67","$ 8.36/ day"
"2024-03-17","2025-03-17","US","Chicago/Hyatt Regency ","Full-size (Toyota Camry)","Incl. 26,071 miles","$ 34.78","$ 12,694.54","$ 8.36/ day"
"2024-03-17","2025-03-17","US","Chicago/Hyatt Regency ","Midsize (Toyota RAV4)","Incl. 26,071 miles","$ 36.99","$ 13,502.92","$ 8.36/ day"
"2024-03-17","2025-03-17","US","Chicago/Hyatt Regency ","Premium (BMW 2 Series)","Incl. 26,071 miles","$ 38.58","$ 14,083.21","$ 8.36/ day"
"2024-03-17","2025-03-17","US","Chicago/Hyatt Regency ","Luxury (BMW 3 Series)","Incl. 26,071 miles","$ 39.96","$ 14,585.90","$ 8.36/ day"
"2024-03-17","2025-03-17","US","Chicago/Hyatt Regency ","Standard (Chevrolet Blazer)","Incl. 26,071 miles","$ 43.19","$ 15,762.75","$ 8.36/ day"
"2024-03-17","2025-03-17","US","Chicago/Hyatt Regency ","Premium (BMW X1)","Incl. 26,071 miles","$ 43.92","$ 16,031.05","$ 8.36/ day"
"2024-03-17","2025-03-17","US","Chicago/Hyatt Regency ","Standard Elite (GMC Acadia)","Incl. 26,071 miles","$ 45.41","$ 16,576.17","$ 8.36/ day"
"2024-03-17","2025-03-17","US","Chicago/Hyatt Regency ","Luxury (BMW X3)","Incl. 26,071 miles","$ 46.11","$ 16,828.55","$ 8.36/ day"
"2024-03-17","2025-03-17","US","Chicago/Hyatt Regency ","Extraordinary (BMW 5 Series)","Incl. 26,071 miles","$ 46.50","$ 16,974.30","$ 8.36/ day"
"2024-03-17","2025-03-17","US","Denver Int Airport","Midsize (Nissan Sentra)","Incl. 26,071 miles","$ 75.20","$ 27,446.79","$ 9.06/ day"
"2024-03-17","2025-03-17","US","Denver Int Airport","Compact (Nissan Versa)","Incl. 26,071 miles","$ 79.28","$ 28,936.37","$ 9.06/ day"
"2024-03-17","2025-03-17","US","Denver Int Airport","Standard (Toyota Corolla)","Incl. 26,071 miles","$ 80.30","$ 29,310.69","$ 9.06/ day"
"2024-03-17","2025-03-17","US","Denver Int Airport","Full-size (Toyota Camry)","Incl. 26,071 miles","$ 80.78","$ 29,483.73","$ 9.06/ day"
"2024-03-17","2025-03-17","US","Denver Int Airport","Midsize (Toyota RAV4)","Incl. 26,071 miles","$ 84.12","$ 30,704.12","$ 9.06/ day"
"2024-03-17","2025-03-17","US","Denver Int Airport","Premium (BMW 2 Series)","Incl. 26,071 miles","$ 87.46","$ 31,922.88","$ 9.06/ day"
"2024-03-17","2025-03-17","US","Denver Int Airport","Luxury (BMW 3 Series)","Incl. 26,071 miles","$ 89.57","$ 32,694.46","$ 9.06/ day"
"2024-03-17","2025-03-17","US","Denver Int Airport","Standard (Chevrolet Blazer)","Incl. 26,071 miles","$ 97.14","$ 35,455.46","$ 9.06/ day"
"2024-03-17","2025-03-17","US","Denver Int Airport","Premium (BMW X1)","Incl. 26,071 miles","$ 98.68","$ 36,019.39","$ 9.06/ day"
"2024-03-17","2025-03-17","US","Denver Int Airport","Standard Elite (GMC Acadia)","Incl. 26,071 miles","$ 102.72","$ 37,494.53","$ 9.06/ day"
"2024-03-17","2025-03-17","US","Denver Int Airport","Extraordinary (BMW 5 Series)","Incl. 26,071 miles","$ 103.18","$ 37,661.34","$ 9.06/ day"
"2024-03-17","2025-03-17","US","Denver Int Airport","Luxury (BMW X3)","Incl. 26,071 miles","$ 103.27","$ 37,694.14","$ 9.06/ day"
"2024-03-17","2025-03-17","US","Denver Int Airport","Extraordinary (BMW X5)","Incl. 26,071 miles","$ 111.56","$ 40,720.03","$ 9.06/ day"
"2024-03-17","2025-03-17","US","Denver Int Airport","Minivan (Chrysler Pacifica)","Incl. 26,071 miles","$ 118.71","$ 43,329.77","$ 9.06/ day"
"2024-03-17","2025-03-17","US","Denver Int Airport","Full-size (Chevrolet Tahoe)","Incl. 26,071 miles","$ 125.58","$ 45,835.02","$ 9.06/ day"
"2024-03-17","2025-03-17","US","Denver Int Airport","Extraordinary (BMW X7)","Incl. 26,071 miles","$ 132.59","$ 48,396.18","$ 9.06/ day"
"2024-03-17","2025-03-17","US","Denver Int Airport","Extraordinary (Cadillac Escalade)","Incl. 22,995 miles","$ 201.91","$ 73,698.48","$ 9.06/ day"
"2024-03-17","2025-03-17","US","Denver Cherry Creek ","Midsize (Nissan Sentra)","Incl. 26,071 miles","$ 42.65","$ 15,567.56","$ 9.06/ day"
"2024-03-17","2025-03-17","US","Denver Cherry Creek ","Standard (Toyota Corolla)","Incl. 26,071 miles","$ 42.94","$ 15,672.24","$ 9.06/ day"
"2024-03-17","2025-03-17","US","Denver Cherry Creek ","Full-size (Toyota Camry)","Incl. 26,071 miles","$ 43.21","$ 15,770.84","$ 9.06/ day"
"2024-03-17","2025-03-17","US","Denver Cherry Creek ","Midsize (Toyota RAV4)","Incl. 26,071 miles","$ 47.20","$ 17,229.42","$ 9.06/ day"
"2024-03-17","2025-03-17","US","Denver Cherry Creek ","Premium (BMW 2 Series)","Incl. 26,071 miles","$ 48.74","$ 17,789.08","$ 9.06/ day"
"2024-03-17","2025-03-17","US","Denver Cherry Creek ","Luxury (BMW 3 Series)","Incl. 26,071 miles","$ 50.93","$ 18,587.90","$ 9.06/ day"
"2024-03-17","2025-03-17","US","Denver Cherry Creek ","Standard (Chevrolet Blazer)","Incl. 26,071 miles","$ 54.97","$ 20,063.91","$ 9.06/ day"
"2024-03-17","2025-03-17","US","Denver Cherry Creek ","Premium (BMW X1)","Incl. 26,071 miles","$ 55.89","$ 20,400.65","$ 9.06/ day"
"2024-03-17","2025-03-17","US","Denver Cherry Creek ","Luxury (BMW X3)","Incl. 26,071 miles","$ 58.63","$ 21,401","$ 9.06/ day"
"2024-03-17","2025-03-17","US","Denver Cherry Creek ","Extraordinary (BMW 5 Series)","Incl. 26,071 miles","$ 59.13","$ 21,583.76","$ 9.06/ day"
"2024-03-17","2025-03-17","US","Denver Union Station","Standard (Toyota Corolla)","Incl. 26,071 miles","$ 42.94","$ 15,672.24","$ 9.06/ day"
"2024-03-17","2025-03-17","US","Denver Union Station","Full-size (Toyota Camry)","Incl. 26,071 miles","$ 43.21","$ 15,770.84","$ 9.06/ day"
"2024-03-17","2025-03-17","US","Denver Union Station","Midsize (Nissan Sentra)","Incl. 26,071 miles","$ 43.85","$ 16,006.17","$ 9.06/ day"
"2024-03-17","2025-03-17","US","Denver Union Station","Midsize (Toyota RAV4)","Incl. 26,071 miles","$ 46.76","$ 17,068.21","$ 9.06/ day"
"2024-03-17","2025-03-17","US","Denver Union Station","Premium (BMW 2 Series)","Incl. 26,071 miles","$ 48.74","$ 17,789.08","$ 9.06/ day"
"2024-03-17","2025-03-17","US","Denver Union Station","Luxury (BMW 3 Series)","Incl. 26,071 miles","$ 50.93","$ 18,587.90","$ 9.06/ day"
"2024-03-17","2025-03-17","US","Denver Union Station","Standard (Chevrolet Blazer)","Incl. 26,071 miles","$ 54.97","$ 20,063.91","$ 9.06/ day"
"2024-03-17","2025-03-17","US","Denver Union Station","Premium (BMW X1)","Incl. 26,071 miles","$ 56.43","$ 20,595.23","$ 9.06/ day"
"2024-03-17","2025-03-17","US","Denver Union Station","Luxury (BMW X3)","Incl. 26,071 miles","$ 58.63","$ 21,401","$ 9.06/ day"
"2024-03-17","2025-03-17","US","Denver Union Station","Extraordinary (BMW 5 Series)","Incl. 26,071 miles","$ 59.13","$ 21,583.76","$ 9.06/ day"
"2024-03-17","2025-03-17","US","Denver Union Station","Extraordinary (BMW X5)","Incl. 26,071 miles","$ 64.19","$ 23,428.54","$ 9.06/ day"
"2024-03-17","2025-03-17","US","Dallas Addison/Marriott Quorum","Standard (Toyota Corolla)","Incl. 26,071 miles","$ 38.17","$ 13,932.86","$ 8.36/ day"
"2024-03-17","2025-03-17","US","Dallas Addison/Marriott Quorum","Full-size (Toyota Camry)","Incl. 26,071 miles","$ 38.41","$ 14,020.94","$ 8.36/ day"
"2024-03-17","2025-03-17","US","Dallas Addison/Marriott Quorum","Compact (Nissan Versa)","Incl. 26,071 miles","$ 38.72","$ 14,131.61","$ 8.36/ day"
"2024-03-17","2025-03-17","US","Dallas Addison/Marriott Quorum","Midsize (Nissan Sentra)","Incl. 26,071 miles","$ 38.99","$ 14,231.34","$ 8.36/ day"
"2024-03-17","2025-03-17","US","Dallas Addison/Marriott Quorum","Midsize (Toyota RAV4)","Incl. 26,071 miles","$ 41.98","$ 15,324.27","$ 8.36/ day"
"2024-03-17","2025-03-17","US","Dallas Addison/Marriott Quorum","Premium (BMW 2 Series)","Incl. 26,071 miles","$ 43.77","$ 15,974.83","$ 8.36/ day"
"2024-03-17","2025-03-17","US","Dallas Addison/Marriott Quorum","Luxury (BMW 3 Series)","Incl. 26,071 miles","$ 45.31","$ 16,538.12","$ 8.36/ day"
"2024-03-17","2025-03-17","US","Dallas Addison/Marriott Quorum","Standard (Chevrolet Blazer)","Incl. 26,071 miles","$ 49.39","$ 18,027.75","$ 8.36/ day"
"2024-03-17","2025-03-17","US","Dallas Addison/Marriott Quorum","Premium (BMW X1)","Incl. 26,071 miles","$ 49.75","$ 18,157.80","$ 8.36/ day"
"2024-03-17","2025-03-17","US","Dallas Addison/Marriott Quorum","Standard Elite (GMC Acadia)","Incl. 26,071 miles","$ 51.42","$ 18,768.61","$ 8.36/ day"
"2024-03-17","2025-03-17","US","Dallas Addison/Marriott Quorum","Luxury (BMW X3)","Incl. 26,071 miles","$ 52.20","$ 19,051.57","$ 8.36/ day"
"2024-03-17","2025-03-17","US","Dallas/Fort Worth Int Airport","Standard (Toyota Corolla)","Incl. 26,071 miles","$ 49.32","$ 18,001.58","$ 8.36/ day"
"2024-03-17","2025-03-17","US","Dallas/Fort Worth Int Airport","Compact (Nissan Versa)","Incl. 26,071 miles","$ 51.50","$ 18,798.59","$ 8.36/ day"
"2024-03-17","2025-03-17","US","Dallas/Fort Worth Int Airport","Midsize (Nissan Sentra)","Incl. 26,071 miles","$ 51.82","$ 18,913.70","$ 8.36/ day"
"2024-03-17","2025-03-17","US","Dallas/Fort Worth Int Airport","Full-size (Toyota Camry)","Incl. 26,071 miles","$ 52.41","$ 19,129.60","$ 8.36/ day"
"2024-03-17","2025-03-17","US","Dallas/Fort Worth Int Airport","Standard (Chevrolet Camaro Coupe)","Incl. 26,071 miles","$ 52.44","$ 19,141.45","$ 8.36/ day"
"2024-03-17","2025-03-17","US","Dallas/Fort Worth Int Airport","Midsize (Toyota RAV4)","Incl. 26,071 miles","$ 54.43","$ 19,867.67","$ 8.36/ day"
"2024-03-17","2025-03-17","US","Dallas/Fort Worth Int Airport","Premium (BMW 2 Series)","Incl. 26,071 miles","$ 56.45","$ 20,604.81","$ 8.36/ day"
"2024-03-17","2025-03-17","US","Dallas/Fort Worth Int Airport","Luxury (BMW 3 Series)","Incl. 26,071 miles","$ 57.73","$ 21,071.42","$ 8.36/ day"
"2024-03-17","2025-03-17","US","Dallas/Fort Worth Int Airport","Premium (BMW X1)","Incl. 26,071 miles","$ 62.18","$ 22,695.90","$ 8.36/ day"
"2024-03-17","2025-03-17","US","Dallas/Fort Worth Int Airport","Standard (Chevrolet Blazer)","Incl. 26,071 miles","$ 62.82","$ 22,931.06","$ 8.36/ day"
"2024-03-17","2025-03-17","US","Dallas/Fort Worth Int Airport","Standard Elite (GMC Acadia)","Incl. 26,071 miles","$ 64.04","$ 23,374.58","$ 8.36/ day"
"2024-03-17","2025-03-17","US","Dallas/Fort Worth Int Airport","Luxury (BMW X3)","Incl. 26,071 miles","$ 66.01","$ 24,095.10","$ 8.36/ day"
"2024-03-17","2025-03-17","US","Dallas/Fort Worth Int Airport","Extraordinary (BMW X5)","Incl. 26,071 miles","$ 71.03","$ 25,925.03","$ 8.36/ day"
"2024-03-17","2025-03-17","US","Dallas/Fort Worth Int Airport","Minivan (Chrysler Pacifica)","Incl. 26,071 miles","$ 75.35","$ 27,503.34","$ 8.36/ day"
"2024-03-17","2025-03-17","US","Philadelphia Int Airport","Compact (Nissan Versa)","Incl. 26,071 miles","$ 47.18","$ 17,221.08","$ 15.40/ day"
"2024-03-17","2025-03-17","US","Philadelphia Int Airport","Midsize (Nissan Sentra)","Incl. 26,071 miles","$ 47.45","$ 17,319.96","$ 15.40/ day"
"2024-03-17","2025-03-17","US","Philadelphia Int Airport","Standard (Toyota Corolla)","Incl. 26,071 miles","$ 47.71","$ 17,415.44","$ 15.40/ day"
"2024-03-17","2025-03-17","US","Philadelphia Int Airport","Compact (Chevrolet Trailblazer)","Incl. 26,071 miles","$ 47.96","$ 17,504.69","$ 15.40/ day"
"2024-03-17","2025-03-17","US","Philadelphia Int Airport","Full-size (Toyota Camry)","Incl. 26,071 miles","$ 47.96","$ 17,505.49","$ 15.40/ day"
"2024-03-17","2025-03-17","US","Philadelphia Int Airport","Midsize (Toyota RAV4)","Incl. 26,071 miles","$ 49.70","$ 18,139.89","$ 15.40/ day"
"2024-03-17","2025-03-17","US","Philadelphia Int Airport","Premium (BMW 2 Series)","Incl. 26,071 miles","$ 51.43","$ 18,773.33","$ 15.40/ day"
"2024-03-17","2025-03-17","US","Philadelphia Int Airport","Luxury (BMW 3 Series)","Incl. 26,071 miles","$ 52.53","$ 19,174.28","$ 15.40/ day"
"2024-03-17","2025-03-17","US","Philadelphia Int Airport","Standard (Chevrolet Blazer)","Incl. 26,071 miles","$ 55.57","$ 20,283.30","$ 15.40/ day"
"2024-03-17","2025-03-17","US","Philadelphia Int Airport","Premium (BMW X1)","Incl. 26,071 miles","$ 57.27","$ 20,902.60","$ 15.40/ day"
"2024-03-17","2025-03-17","US","Philadelphia Int Airport","Extraordinary (BMW 5 Series)","Incl. 26,071 miles","$ 59.12","$ 21,580.10","$ 15.40/ day"
"2024-03-17","2025-03-17","US","Philadelphia Int Airport","Standard Elite (GMC Acadia)","Incl. 26,071 miles","$ 59.37","$ 21,669.33","$ 15.40/ day"
"2024-03-17","2025-03-17","US","Philadelphia Int Airport","Luxury (BMW X3)","Incl. 26,071 miles","$ 59.65","$ 21,773.18","$ 15.40/ day"
"2024-03-17","2025-03-17","US","Philadelphia Int Airport","Extraordinary (BMW X5)","Incl. 26,071 miles","$ 63.44","$ 23,154.22","$ 15.40/ day"
"2024-03-17","2025-03-17","US","Philadelphia Int Airport","Luxury (BMW 4 Series Coupe)","Incl. 26,071 miles","$ 64.04","$ 23,374.79","$ 15.40/ day"
"2024-03-17","2025-03-17","US","Philadelphia Int Airport","Minivan (Chrysler Pacifica)","Incl. 26,071 miles","$ 67.68","$ 24,702.45","$ 15.40/ day"
"2024-03-17","2025-03-17","US","Philadelphia Int Airport","Full-size (Chevrolet Tahoe)","Incl. 26,071 miles","$ 77.43","$ 28,262.43","$ 15.40/ day"
"2024-03-17","2025-03-17","US","Philadelphia Int Airport","Full-size Elite (Chevrolet Suburban)","Incl. 26,071 miles","$ 79.75","$ 29,108.09","$ 15.40/ day"
"2024-03-17","2025-03-17","US","Philadelphia (Local Customers)","Compact (Nissan Versa)","Incl. 26,071 miles","$ 44.96","$ 16,411.62","$ 15.40/ day"
"2024-03-17","2025-03-17","US","Philadelphia (Local Customers)","Midsize (Nissan Sentra)","Incl. 26,071 miles","$ 45.28","$ 16,528.69","$ 15.40/ day"
"2024-03-17","2025-03-17","US","Philadelphia (Local Customers)","Standard (Toyota Corolla)","Incl. 26,071 miles","$ 45.59","$ 16,641.69","$ 15.40/ day"
"2024-03-17","2025-03-17","US","Philadelphia (Local Customers)","Full-size (Toyota Camry)","Incl. 26,071 miles","$ 47.20","$ 17,228.72","$ 15.40/ day"
"2024-03-17","2025-03-17","US","Philadelphia (Local Customers)","Compact (Chevrolet Trailblazer)","Incl. 26,071 miles","$ 47.59","$ 17,369.37","$ 15.40/ day"
"2024-03-17","2025-03-17","US","Philadelphia (Local Customers)","Midsize (Toyota RAV4)","Incl. 26,071 miles","$ 49.73","$ 18,150.28","$ 15.40/ day"
"2024-03-17","2025-03-17","US","Philadelphia (Local Customers)","Premium (BMW 2 Series)","Incl. 26,071 miles","$ 52.36","$ 19,111.07","$ 15.40/ day"
"2024-03-17","2025-03-17","US","Philadelphia (Local Customers)","Luxury (BMW 3 Series)","Incl. 26,071 miles","$ 54.23","$ 19,792.44","$ 15.40/ day"
"2024-03-17","2025-03-17","US","Philadelphia (Local Customers)","Standard (Chevrolet Blazer)","Incl. 26,071 miles","$ 59.16","$ 21,593.93","$ 15.40/ day"
"2024-03-17","2025-03-17","US","Philadelphia (Local Customers)","Premium (BMW X1)","Incl. 26,071 miles","$ 59.59","$ 21,751.20","$ 15.40/ day"
"2024-03-17","2025-03-17","US","Philadelphia (Local Customers)","Standard Elite (GMC Acadia)","Incl. 26,071 miles","$ 61.62","$ 22,489.89","$ 15.40/ day"
"2024-03-17","2025-03-17","US","Philadelphia (Local Customers)","Luxury (BMW 4 Series Coupe)","Incl. 26,071 miles","$ 62.46","$ 22,797.64","$ 15.40/ day"
"2024-03-17","2025-03-17","US","Philadelphia (Local Customers)","Luxury (BMW X3)","Incl. 26,071 miles","$ 62.55","$ 22,832.10","$ 15.40/ day"
"2024-03-17","2025-03-17","US","Philadelphia (Local Customers)","Extraordinary (BMW 5 Series)","Incl. 26,071 miles","$ 63.09","$ 23,029.46","$ 15.40/ day"
"2024-03-17","2025-03-17","US","Philadelphia (Local Customers)","Extraordinary (BMW X5)","Incl. 26,071 miles","$ 68.56","$ 25,022.94","$ 15.40/ day"
"2024-03-17","2025-03-17","US","Philadelphia (Local Customers)","Minivan (Chrysler Pacifica)","Incl. 26,071 miles","$ 73.93","$ 26,983.72","$ 15.40/ day"
"2024-03-17","2025-03-17","US","Philadelphia (Local Customers)","Full-size (Chevrolet Tahoe)","Incl. 26,071 miles","$ 85.45","$ 31,189.33","$ 15.40/ day"
"2024-03-17","2025-03-17","US","Philadelphia (Local Customers)","Full-size Elite (Chevrolet Suburban)","Incl. 26,071 miles","$ 88.36","$ 32,249.80","$ 15.40/ day"
